{"cameraMode":{"drawMode":0,"name":"Shaded","section":"Shading Mode"},"sceneLighting":false,"audioPlay":false,"sceneViewState":{"showFog":true,"showMaterialUpdate":false,"showSkybox":false,"showFlares":true,"showImageEffects":true,"showParticleSystems":true},"in2DMode":false,"pivot":{"x":-815.126953125,"y":-7.947418212890625,"z":1747.5146484375},"rotation":{"x":-0.16827625036239625,"y":0.24469007551670075,"z":-0.04316733404994011,"w":-0.9539190530776978},"size":1078.587158203125,"orthographic":false}